,0,1
0,java.util.concurrent.TimeUnit,7
1,org.apache.curator.framework.recipes.barriers.DistributedDoubleBarrier,2
2,java.util.HashSet,3
3,com.google.gson.*,1
4,com.google.common.collect.Iterables,3
5,com.codahale.metrics.ConsoleReporter,1
6,org.wso2.siddhi.core.config.SiddhiContext,1
7,org.wso2.siddhi.core.event.StreamEvent,2
8,java.io.*,1
9,com.codahale.metrics.Timer,1
10,org.kie.api.runtime.KieSession,2
11,org.springframework.cache.interceptor.KeyGenerator,1
12,com.mongodb.*,1
13,org.elasticsearch.common.settings.ImmutableSettings,1
14,java.util.Random,3
15,com.datastax.driver.core.querybuilder.QueryBuilder,1
16,kafka.utils.ZkUtils,1
17,scala.collection.Map,1
18,org.springframework.shell.plugin.support.DefaultBannerProvider,1
19,java.util.stream.Collectors,3
20,org.powermock.core.classloader.annotations.PrepareForTest,1
21,org.springframework.cache.annotation.CachingConfigurer,1
22,org.apache.spark.api.java.JavaPairRDD,1
23,javax.xml.transform.Transformer,1
24,org.apache.curator.framework.CuratorFrameworkFactory,3
25,org.springframework.cache.annotation.EnableCaching,2
26,kafka.javaapi.producer.Producer,12
27,com.google.gson.Gson,9
28,org.elasticsearch.common.xcontent.XContentFactory,1
29,org.springframework.shell.core.CommandMarker,3
30,org.apache.spark.storage.StorageLevel,1
31,org.springframework.context.annotation.Bean,15
32,org.w3c.dom.Element,1
33,java.util.concurrent.atomic.AtomicInteger,1
34,org.kie.api.command.KieCommands,1
35,org.apache.spark.streaming.api.java.JavaStreamingContext,2
36,java.util.Map,16
37,com.datastax.driver.core.Cluster,1
38,com.ryantenney.metrics.spring.config.annotation.MetricsConfigurerAdapter,1
39,org.apache.avro.io.BinaryEncoder,2
40,org.springframework.cache.CacheManager,1
41,com.codahale.metrics.annotation.Timed,1
42,org.springframework.shell.ShellException,4
43,org.springframework.core.Ordered,3
44,org.apache.zookeeper.CreateMode,1
45,org.apache.commons.lang3.StringUtils,1
46,org.apache.curator.framework.recipes.cache.PathChildrenCacheListener,2
47,kafka.admin.AdminUtils,1
48,javax.xml.transform.TransformerException,2
49,javax.xml.parsers.DocumentBuilder,1
50,org.apache.curator.framework.recipes.cache.PathChildrenCache,2
51,org.apache.curator.framework.recipes.cache.PathChildrenCacheEvent,2
52,org.wso2.siddhi.core.exception.DifferentDefinitionAlreadyExistException,1
53,org.wso2.siddhi.query.api.definition.AbstractDefinition,1
54,javax.xml.parsers.ParserConfigurationException,2
55,org.wso2.siddhi.core.event.in.InEvent,2
56,org.w3c.dom.Document,1
57,org.springframework.shell.support.table.TableRenderer,2
58,org.apache.commons.csv.CSVFormat,1
59,java.net.URISyntaxException,2
60,org.springframework.cache.interceptor.SimpleKeyGenerator,1
61,org.apache.solr.common.SolrInputDocument,1
62,org.apache.kafka.clients.producer.ProducerRecord,1
63,org.kie.api.runtime.rule.QueryResultsRow,2
64,kafka.producer.KeyedMessage,6
65,com.datastax.driver.core.BatchStatement,1
66,java.text.SimpleDateFormat,1
67,com.typesafe.config.ConfigException,1
68,org.kie.api.runtime.StatelessKieSession,1
69,org.apache.curator.framework.recipes.leader.LeaderLatchListener,1
70,kafka.javaapi.consumer.SimpleConsumer,1
71,org.springframework.cache.annotation.CacheEvict,1
72,java.util.ArrayList,22
73,org.springframework.context.annotation.Configuration,18
74,org.apache.spark.streaming.api.java.JavaPairDStream,1
75,org.kie.api.runtime.ExecutionResults,1
76,com.datastax.driver.core.ProtocolOptions,1
77,org.elasticsearch.action.bulk.BulkRequestBuilder,1
78,org.apache.avro.specific.SpecificDatumReader,3
79,org.springframework.shell.core.annotation.CliOption,3
80,java.util.concurrent.ConcurrentHashMap,1
81,org.springframework.shell.support.util.FileUtils,1
82,org.apache.commons.csv.CSVParser,1
83,org.apache.curator.framework.imps.CuratorFrameworkState,1
84,org.apache.curator.framework.recipes.leader.Participant,2
85,org.wso2.siddhi.core.event.Event,8
86,org.kie.api.builder.KieScanner,1
87,org.springframework.beans.factory.annotation.Autowired,18
88,org.apache.curator.framework.CuratorFramework,5
89,com.datastax.driver.core.Session,2
90,scala.Tuple2,9
91,javax.xml.transform.dom.DOMSource,1
92,java.lang.reflect.Type,1
93,org.apache.avro.specific.SpecificDatumWriter,2
94,org.springframework.shell.core.Completion,3
95,java.util.regex.Pattern,1
96,org.elasticsearch.action.bulk.BulkRequest,1
97,org.apache.avro.generic.GenericData,1
98,java.util.Properties,6
99,org.apache.spark.api.java.JavaRDD,1
100,java.io.ByteArrayOutputStream,2
101,org.elasticsearch.client.Client,1
102,java.util.*,9
103,org.apache.solr.common.params.CoreAdminParams,1
104,com.google.gson.GsonBuilder,1
105,kafka.producer.ProducerConfig,6
106,org.wso2.siddhi.query.api.exception.AttributeNotExistException,1
107,com.codahale.metrics.*,1
108,com.ryantenney.metrics.annotation.Counted,1
109,org.apache.commons.beanutils.BeanUtils,1
110,org.w3c.dom.NodeList,1
111,java.util.Iterator,6
112,org.apache.solr.common.SolrException,1
113,org.springframework.context.annotation.PropertySource,1
114,org.I0Itec.zkclient.serialize.ZkSerializer,1
115,org.wso2.siddhi.core.query.output.callback.QueryCallback,3
116,kafka.javaapi.TopicMetadataRequest,1
117,org.wso2.siddhi.query.api.definition.Attribute.Type,1
118,org.elasticsearch.common.transport.InetSocketTransportAddress,1
119,org.slf4j.Logger,28
120,org.apache.curator.framework.recipes.leader.LeaderLatch,2
121,org.apache.spark.streaming.api.java.JavaDStream,1
122,org.springframework.shell.Bootstrap,1
123,java.util.Map.Entry,2
124,org.wso2.siddhi.core.config.SiddhiConfiguration,1
125,org.apache.avro.io.EncoderFactory,2
126,org.springframework.scheduling.TaskScheduler,1
127,org.apache.commons.io.FileUtils,1
128,org.elasticsearch.action.bulk.BulkProcessor,1
129,scala.collection.Seq,1
130,org.springframework.stereotype.Component,9
131,org.wso2.siddhi.query.api.exception.MalformedAttributeException,1
132,org.I0Itec.zkclient.ZkClient,1
133,org.apache.curator.retry.ExponentialBackoffRetry,3
134,com.ryantenney.metrics.spring.config.annotation.EnableMetrics,1
135,java.io.File,1
136,kafka.utils.ZKStringSerializer,1
137,org.wso2.siddhi.query.api.extension.annotation.SiddhiExtension,1
138,org.apache.commons.csv.CSVRecord,1
139,java.util.concurrent.ExecutorService,3
140,org.apache.kafka.clients.producer.KafkaProducer,1
141,org.apache.avro.io.DecoderFactory,2
142,org.kie.internal.command.CommandFactory,1
143,org.wso2.siddhi.query.api.expression.Expression,1
144,org.springframework.context.annotation.Import,8
145,kafka.javaapi.TopicMetadataResponse,1
146,java.util.concurrent.Executors,3
147,org.apache.avro.io.BinaryDecoder,2
148,org.kie.api.KieServices,2
149,org.kie.api.runtime.KieContainer,6
150,org.wso2.siddhi.query.api.definition.StreamDefinition,2
151,java.util.List,44
152,org.springframework.context.annotation.Lazy,3
153,org.apache.commons.beanutils.PropertyUtils,1
154,com.datastax.driver.core.exceptions.AlreadyExistsException,1
155,java.lang.reflect.InvocationTargetException,1
156,org.springframework.context.annotation.AnnotationConfigApplicationContext,1
157,java.util.Date,1
158,org.apache.zookeeper.data.Stat,1
159,org.springframework.beans.factory.annotation.Value,2
160,java.io.Serializable,8
161,org.apache.solr.client.solrj.SolrClient,2
162,org.elasticsearch.action.index.IndexRequestBuilder,1
163,org.elasticsearch.common.xcontent.XContentBuilder,1
164,org.springframework.scheduling.concurrent.ThreadPoolTaskScheduler,2
165,java.io.EOFException,2
166,com.datastax.driver.core.utils.UUIDs,1
167,com.codahale.metrics.JmxReporter,1
168,org.apache.spark.api.java.function.PairFlatMapFunction,1
169,org.wso2.siddhi.core.event.in.InListEvent,1
170,java.util.UUID,1
171,org.springframework.shell.core.annotation.CliCommand,3
172,kafka.javaapi.TopicMetadata,1
173,com.datastax.driver.core.querybuilder.Insert,1
174,org.slf4j.LoggerFactory,28
175,org.springframework.shell.core.MethodTarget,3
176,org.wso2.siddhi.query.api.definition.Attribute,4
177,java.nio.file.Paths,1
178,org.wso2.siddhi.query.api.QueryFactory,1
179,org.springframework.shell.support.util.OsUtils,2
180,org.springframework.core.annotation.Order,3
181,org.kohsuke.randname.RandomNameGenerator,2
182,com.datastax.driver.core.DataType,1
183,java.util.regex.Matcher,1
184,org.apache.spark.SparkConf,1
185,org.apache.spark.api.java.function.Function,8
186,com.datastax.driver.core.*,1
187,java.io.IOException,12
188,org.springframework.shell.plugin.support.DefaultHistoryFileNameProvider,1
189,java.net.UnknownHostException,1
190,javax.xml.parsers.DocumentBuilderFactory,1
191,javax.xml.transform.stream.StreamResult,1
192,org.apache.solr.client.solrj.request.CoreAdminRequest,1
193,org.springframework.shell.core.Converter,3
194,javax.annotation.PostConstruct,3
195,com.google.common.collect.Lists,3
196,org.wso2.siddhi.query.compiler.exception.SiddhiParserException,2
197,org.springframework.cache.annotation.Caching,1
198,com.codahale.metrics.MetricRegistry,1
199,org.apache.solr.client.solrj.impl.CloudSolrClient,2
200,com.ryantenney.metrics.annotation.CachedGauge,1
201,java.io.FileReader,1
202,com.typesafe.config.ConfigFactory,1
203,org.apache.solr.client.solrj.response.CoreAdminResponse,1
204,org.elasticsearch.client.transport.TransportClient,1
205,org.springframework.cache.support.SimpleCacheManager,1
206,org.apache.kafka.common.serialization.Serializer,1
207,org.springframework.context.support.PropertySourcesPlaceholderConfigurer,1
208,org.kie.api.command.Command,1
209,org.wso2.siddhi.core.query.processor.window.WindowProcessor,1
210,org.springframework.cache.annotation.Cacheable,1
211,com.typesafe.config.Config,1
212,org.wso2.siddhi.core.SiddhiManager,8
213,org.apache.curator.utils.ZKPaths,2
214,kafka.common.Topic,1
215,org.wso2.siddhi.core.query.QueryPostProcessingElement,1
216,org.springframework.shell.plugin.support.DefaultPromptProvider,1
217,java.io.Reader,1
218,org.apache.spark.streaming.kafka.KafkaUtils,1
219,java.util.Arrays,7
220,org.elasticsearch.action.bulk.BulkResponse,1
221,java.util.HashMap,8
222,javax.xml.transform.TransformerFactory,1
223,java.util.concurrent.CountDownLatch,1
224,org.xml.sax.SAXException,2
225,org.wso2.siddhi.query.api.exception.SourceNotExistException,1
226,org.springframework.cache.concurrent.ConcurrentMapCache,1
227,org.apache.solr.client.solrj.impl.HttpSolrClient,2
228,org.elasticsearch.common.settings.Settings,1
229,java.io.Closeable,1
230,org.wso2.siddhi.query.api.expression.Variable,1
231,org.kie.api.runtime.rule.QueryResults,1
232,java.util.LinkedHashSet,1
233,org.apache.solr.client.solrj.SolrServerException,2
234,org.apache.spark.streaming.Duration,1
235,java.util.Set,21
